{
    "CustomLabels": [
        {
            "Name": "offer",
            "Confidence": 99.8479995727539,
            "Geometry": {
                "BoundingBox": {
                    "Width": 0.23890000581741333,
                    "Height": 0.3099600076675415,
                    "Left": 0.7420099973678589,
                    "Top": 0.3624599874019623
                }
            }
        },
        {
            "Name": "offer",
            "Confidence": 91.23100280761719,
            "Geometry": {
                "BoundingBox": {
                    "Width": 0.23208999633789062,
                    "Height": 0.2442999929189682,
                    "Left": 0.2641899883747101,
                    "Top": 0.6929399967193604
                }
            }
        }
    ]
}
