{
    "CustomLabels": [
        {
            "Name": "offer",
            "Confidence": 99.947998046875,
            "Geometry": {
                "BoundingBox": {
                    "Width": 0.4657000005245209,
                    "Height": 0.2194499969482422,
                    "Left": 0.484360009431839,
                    "Top": 0.3729499876499176
                }
            }
        },
        {
            "Name": "offer",
            "Confidence": 99.94200134277344,
            "Geometry": {
                "BoundingBox": {
                    "Width": 0.43417999148368835,
                    "Height": 0.2194499969482422,
                    "Left": 0.049550000578165054,
                    "Top": 0.3737899959087372
                }
            }
        }
    ]
}
