{
    "CustomLabels": [
        {
            "Name": "offer",
            "Confidence": 99.83200073242188,
            "Geometry": {
                "BoundingBox": {
                    "Width": 0.9821100234985352,
                    "Height": 0.9468899965286255,
                    "Left": 0.0049299998208880424,
                    "Top": 0.04723000153899193
                }
            }
        },
        {
            "Name": "offer",
            "Confidence": 99.56800079345703,
            "Geometry": {
                "BoundingBox": {
                    "Width": 0.2243800014257431,
                    "Height": 0.3020099997520447,
                    "Left": 0.7416800260543823,
                    "Top": 0.3617199957370758
                }
            }
        },
        {
            "Name": "offer",
            "Confidence": 80.99800109863281,
            "Geometry": {
                "BoundingBox": {
                    "Width": 0.9875699877738953,
                    "Height": 0.40441998839378357,
                    "Left": 0.0,
                    "Top": 0.5851799845695496
                }
            }
        }
    ]
}
