{
    "CustomLabels": [
        {
            "Name": "offer",
            "Confidence": 99.73600006103516,
            "Geometry": {
                "BoundingBox": {
                    "Width": 0.4061200022697449,
                    "Height": 0.3602199852466583,
                    "Left": 0.03415999934077263,
                    "Top": 0.5671700239181519
                }
            }
        },
        {
            "Name": "offer",
            "Confidence": 99.71600341796875,
            "Geometry": {
                "BoundingBox": {
                    "Width": 0.3959999978542328,
                    "Height": 0.358240008354187,
                    "Left": 0.5478699803352356,
                    "Top": 0.065870001912117
                }
            }
        },
        {
            "Name": "offer",
            "Confidence": 99.5780029296875,
            "Geometry": {
                "BoundingBox": {
                    "Width": 0.40011999011039734,
                    "Height": 0.2176699936389923,
                    "Left": 0.05062999948859215,
                    "Top": 0.15139000117778778
                }
            }
        }
    ]
}
