{
    "CustomLabels": [
        {
            "Name": "offer",
            "Confidence": 99.7699966430664,
            "Geometry": {
                "BoundingBox": {
                    "Width": 0.9650400280952454,
                    "Height": 0.9532899856567383,
                    "Left": 0.014919999986886978,
                    "Top": 0.02896999940276146
                }
            }
        }
    ]
}
